Workbook
Name CountryStateMap: DropdownData!D2:E10407
Name StateCityMap: DropdownData!F2:G32598

Sheet Contact Template
A1: First Name | B1: Last Name | C1: Email | D1: LinkedIn | E1: Country | F1: State | G1: City | H1: Country Code | I1: Phone | J1: Tags | K1: Note
A2: Surya | B2: Chandra | C2: Surya.chandra@hot mail.com | E2: India | F2: Telangana | G2: Hyderabad | H2: =IF(E2="", "", VLOOKUP(E2,DropdownData!$H$2:$I$243,2,FALSE)) -> +91 | I2: 9973898644
A3: Mongoli | B3: needu | C3: mangoli.needu@hotmail.com | E3: India | F3: Telangana | G3: Hyderabad | H3: =IF(E3="", "", VLOOKUP(E3,DropdownData!$H$2:$I$243,2,FALSE)) -> +91 | I3: 6758888934
A4: Henfew | B4: stinil | C4: henfew.stinil@hotmail.com | E4: India | F4: Telangana | G4: Hyderabad | H4: =IF(E4="", "", VLOOKUP(E4,DropdownData!$H$2:$I$243,2,FALSE)) -> +91 | I4: 7785898867
H5: =IF(E5="", "", VLOOKUP(E5,DropdownData!$H$2:$I$243,2,FALSE))
H6: =IF(E6="", "", VLOOKUP(E6,DropdownData!$H$2:$I$243,2,FALSE))
H7: =IF(E7="", "", VLOOKUP(E7,DropdownData!$H$2:$I$243,2,FALSE))
H8: =IF(E8="", "", VLOOKUP(E8,DropdownData!$H$2:$I$243,2,FALSE))
H9: =IF(E9="", "", VLOOKUP(E9,DropdownData!$H$2:$I$243,2,FALSE))
H10: =IF(E10="", "", VLOOKUP(E10,DropdownData!$H$2:$I$243,2,FALSE))
H11: =IF(E11="", "", VLOOKUP(E11,DropdownData!$H$2:$I$243,2,FALSE))
H12: =IF(E12="", "", VLOOKUP(E12,DropdownData!$H$2:$I$243,2,FALSE))
H13: =IF(E13="", "", VLOOKUP(E13,DropdownData!$H$2:$I$243,2,FALSE))
H14: =IF(E14="", "", VLOOKUP(E14,DropdownData!$H$2:$I$243,2,FALSE))
H15: =IF(E15="", "", VLOOKUP(E15,DropdownData!$H$2:$I$243,2,FALSE))
H16: =IF(E16="", "", VLOOKUP(E16,DropdownData!$H$2:$I$243,2,FALSE))
... H1000: =IF(E1000="", "", VLOOKUP(E1000,DropdownData!$H$2:$I$243,2,FALSE))

Sheet Location Data
A1: Countries | B1: States | C1: Cities
A2: Algeria | B2: Constantine Province | C2: Constantine
A3: Andorra | B3: nan | C3: Escaldes-Engordany
A4: Angola | B4: nan | C4: Cacuaco
A5: Angola | B5: Cabinda Province | C5: Cabinda
A6: Armenia | B6: nan | C6: Ejmiatsin
A7: Armenia | B7: nan | C7: Charentsavan
A8: Azerbaijan | B8: nan | C8: Satrovka
A9: Bahrain | B9: Muharraq Governorate | C9: Al Muharraq
A10: Bahrain | B10: nan | C10: Al Malikiyah
A11: Bangladesh | B11: nan | C11: Rangapukur
A12: Bangladesh | B12: Rajshahi District | C12: Sirajganj
... A2039: United States | B2039: Washington | C2039: Seattle
A2042: Dropdown Lists
A2043: Afghanistan
A2044: Albania
A2045: Algeria
A2046: American Samoa
A2047: Andorra
A2048: Angola
A2049: Anguilla
A2050: Antigua and Barbuda
A2051: Argentina
A2052: Armenia
A2053: Aruba
... A2284: Zimbabwe
B2285: States
B2286: 'Adan Governorate
B2287: A'ana
B2288: Abia State
B2289: Acquaviva
B2290: Ad Dakhiliyah Governorate
B2291: Adamawa
B2292: Adana Province
B2293: Addis Ababa
B2294: Addu Atoll
B2295: Adjara
B2296: Agadez Region
... B3166: Ã˜stfold
C3167: Cities
C3168: 'Abasan al Kabirah
C3169: 'Ajlun
C3170: 'Ajman
C3171: Aalborg
C3172: Aarhus
C3173: Aasiaat
C3174: Aba
C3175: Abeche
C3176: Aberdeen
C3177: Abidjan
C3178: Abomey-Calavi
... C5157: Zurich

Sheet DropdownData
A1: Countries | B1: States | C1: Cities | D1: Country | E1: State | F1: State | G1: City | H1: Country | I1: CountryCode
A2: Afghanistan | B2: 'Adan Governorate | C2: 'Abasan al Kabirah | D2: Algeria | E2: Algiers Province | F2: Constantine Province | G2: Constantine | H2: Afghanistan
A3: Albania | B3: A'ana | C3: 'Ajlun | D3: Algeria | E3: Annaba Province | F3: Cabinda Province | G3: Cabinda | H3: Albania
A4: Algeria | B4: Abia State | C4: 'Ajman | D4: Algeria | E4: Batna Province | F4: Muharraq Governorate | G4: Al Muharraq | H4: Algeria
A5: American Samoa | B5: Acquaviva | C5: Aalborg | D5: Algeria | E5: Biskra | F5: Rajshahi District | G5: Rajshahi | H5: American Samoa
A6: Andorra | B6: Ad Dakhiliyah Governorate | C6: Aarhus | D6: Algeria | E6: Constantine Province | F6: Rajshahi District | G6: Sirajganj | H6: Andorra
A7: Angola | B7: Adamawa | C7: Aasiaat | D7: Algeria | E7: M'Sila Province | F7: Stann Creek District | G7: Dangriga | H7: Angola
A8: Anguilla | B8: Adana Province | C8: Aba | D8: Algeria | E8: Oran Province | F8: Samdrup Jongkhar District | G8: Samdrup Jongkhar | H8: Anguilla
A9: Antigua and Barbuda | B9: Addis Ababa | C9: Abeche | D9: Andorra | E9: Andorra la Vella | F9: Kweneng District | G9: Mogoditshane | H9: Antigua and Barbuda
A10: Argentina | B10: Addu Atoll | C10: Aberdeen | D10: Andorra | E10: Canillo | F10: Kweneng District | G10: Molepolole | H10: Argentina
A11: Armenia | B11: Adjara | C11: Abidjan | D11: Andorra | E11: Encamp | F11: Bahia | G11: Salvador | H11: Armenia
A12: Aruba | B12: Agadez Region | C12: Abomey-Calavi | D12: Andorra | E12: La Massana | F12: Brunei-Muara District | G12: Bandar Seri Begawan | H12: Aruba
A13: Australia | B13: Aichi Prefecture | C13: Abovyan | D13: Andorra | E13: Ordino | F13: Temburong District | G13: Bangar | H13: Australia | I13: +61
A14: Austria | B14: Ainaro Municipality | C14: Abu Dhabi | D14: Andorra | E14: Sant Julia de Loria | F14: Cibitoke Province | G14: Cibitoke | H14: Austria
A15: Azerbaijan | B15: Al Ahmadi Governorate | C15: Abu Hulayfah | D15: Angola | E15: Benguela Province | F15: Littoral | G15: Douala | H15: Azerbaijan
A16: Bahamas, The | B16: Al Batinah North Governorate | C16: Abuja | D16: Angola | E16: Cabinda Province | F16: Littoral | G16: Nkongsamba | H16: Bahamas, The
A17: Bahrain | B17: Al Hudaydah Governorate | C17: Accra | D17: Angola | E17: Huambo Province | F17: Ouham Prefecture | G17: Bossangoa | H17: Bahrain
A18: Bangladesh | B18: Al Khor | C18: Acharnes | D18: Angola | E18: Luanda Province | F18: Bahr el Gazel | G18: Moussoro | H18: Bangladesh | I18: +880
A19: Barbados | B19: Al Madinah Region | C19: Aconibe | D19: Angola | E19: Malanje Province | F19: Alajuela Province | G19: San Jose | H19: Barbados
A20: Belarus | B20: Al Rayyan Municipality | C20: Acquaviva | D20: Armenia | E20: Ararat Province | F20: Alajuela Province | G20: San Rafael | H20: Belarus
A21: Belgium | B21: Al Wakrah | C21: Ad Dammam | D21: Armenia | E21: Armavir Region | F21: Alajuela Province | G21: San Ramon | H21: Belgium
A22: Belize | B22: Al-Hasakah Governorate | C22: Ad Diraz | D22: Armenia | E22: Kotayk Region | F22: Guanacaste Province | G22: Liberia | H22: Belize
A23: Benin | B23: Al-Raqqah Governorate | C23: Adamstown | D23: Armenia | E23: Lori Region | F23: Guanacaste Province | G23: Nicoya | H23: Benin
A24: Bermuda | B24: Al-Shahaniya | C24: Adana | D24: Armenia | E24: Shirak Region | F24: Guanacaste Province | G24: Santa Cruz | H24: Bermuda
A25: Bhutan | B25: Alabama | C25: Adda-Doueni | D25: Armenia | E25: Syunik Province | F25: Zagreb | G25: Sesvete | H25: Bhutan
A26: Bolivia | B26: Alagoas | C26: Addis Ababa | D26: Armenia | E26: Yerevan | F26: Zagreb | G26: Zagreb | H26: Bolivia
A27: Bonaire, Sint Eustatius, and Saba | B27: Alajuela Province | C27: Adelaide | D27: Azerbaijan | E27: Baku | F27: Havana Province | G27: Arroyo Naranjo | H27: Bonaire, Sint Eustatius, and Saba
A28: Bosnia and Herzegovina | B28: Alaska | C28: Aden | D28: Bahrain | E28: Capital Governorate | F28: Havana Province | G28: Havana | H28: Bosnia and Herzegovina
A29: Botswana | B29: Albay | C29: Adi Keyh | D29: Bahrain | E29: Central Governorate | F29: Region of Southern Denmark | G29: Esbjerg | H29: Botswana
A30: Brazil | B30: Alberta | C30: Adilabad | D30: Bahrain | E30: Muharraq Governorate | F30: Region of Southern Denmark | G30: Kolding | H30: Brazil | I30: +55
A31: Brunei | B31: Alborz Province | C31: Afega | D31: Bangladesh | E31: Dhaka District | F31: Region of Southern Denmark | G31: Odense | H31: Brunei
A32: Bulgaria | B32: Aleppo Governorate | C32: Agadez | D32: Bangladesh | E32: Khulna District | F32: Region of Southern Denmark | G32: Vejle | H32: Bulgaria
A33: Burkina Faso | B33: Alexandria Governorate | C33: Agadir | D33: Bangladesh | E33: Mymensingh District | F33: Puerto Plata Province | G33: Puerto Plata | H33: Burkina Faso
A34: Burma | B34: Algiers Province | C34: Aguadilla | D34: Bangladesh | E34: Rajshahi District | F34: Giza Governorate | G34: Giza | H34: Burma
A35: Burundi | B35: Alibori Department | C35: Aguadulce | D35: Bangladesh | E35: Sylhet District | F35: Litoral Province | G35: Bata | H35: Burundi
A36: Cabo Verde | B36: Almaty | C36: Ahmedabad | D36: Belgium | E36: Brussels-Capital Region | F36: Litoral Province | G36: Mbini | H36: Cabo Verde
A37: Cambodia | B37: Alta Verapaz Department | C37: Ahuachapan | D37: Belgium | E37: Flanders | F37: Occitania | G37: Montpellier | H37: Cambodia
A38: Cameroon | B38: Alytus City Municipality | C38: Ahvaz | D38: Belgium | E38: Liege | F38: Occitania | G38: Toulouse | H38: Cameroon
A39: Canada | B39: Amambay Department | C39: Ainaro | D39: Belgium | E39: Wallonia | F39: Mamou Region | G39: Mamou | H39: Canada
A40: Cayman Islands | B40: Amman Governorate | C40: Ajdabiya | D40: Belize | E40: Belize District | F40: Oio Region | G40: Bissora | H40: Cayman Islands
A41: Central African Republic | B41: Anambra State | C41: Akureyri | D41: Belize | E41: Cayo District | F41: Oio Region | G41: Farim | H41: Central African Republic
A42: Chad | B42: Andalusia | C42: Al 'Aqabah | D42: Belize | E42: Corozal District | F42: Capital Region | G42: Kopavogur | H42: Chad
A43: Chile | B43: Andijan Region | C43: Al 'Ayn | D43: Belize | E43: Orange Walk District | F43: Capital Region | G43: Reykjavik | H43: Chile
A44: China | B44: Andorra la Vella | C44: Al Ahmadi | D44: Belize | E44: Stann Creek District | F44: Kermanshah Province | G44: Kermanshah | H44: China | I44: +86
A45: Christmas Island | B45: Anjouan | C45: Al Basrah | D45: Belize | E45: Toledo District | F45: Leinster | G45: Clondalkin | H45: Christmas Island
A46: Colombia | B46: Ankara Province | C46: Al Bayda' | D46: Bhutan | E46: Bumthang District | F46: Leinster | G46: Drogheda | H46: Colombia
A47: Comoros | B47: Annaba Province | C47: Al Fujayrah | D47: Bhutan | E47: Chukha District | F47: Leinster | G47: Dublin | H47: Comoros
A48: Congo (Brazzaville) | B48: Anseba Region | C48: Al Hamalah | D48: Bhutan | E48: Dagana District | F48: Leinster | G48: Finglas | H48: Congo (Brazzaville)
A49: Congo (Kinshasa) | B49: Antioquia Department | C49: Al Hasakah | D49: Bhutan | E49: Mongar District | F49: Leinster | G49: Lucan | H49: Congo (Kinshasa)
A50: Cook Islands | B50: Antofagasta Region | C50: Al Hudaydah | D50: Bhutan | E50: Punakha District | F50: Leinster | G50: Tallaght | H50: Cook Islands
A51: Costa Rica | B51: Antsiranana Province | C51: Al Hufuf | D51: Bhutan | E51: Samdrup Jongkhar District | F51: Kisumu County | G51: Kisumu | H51: Costa Rica
A52: Cote d'Ivoire | B52: Apulia | C52: Al Jahra' | D52: Bhutan | E52: Samtse District | F52: Champasak Province | G52: Champasak | H52: Cote d'Ivoire
A53: Croatia | B53: Aragon | C53: Al Jubayl | D53: Bhutan | E53: Thimphu District | F53: South Australia | G53: Adelaide | H53: Croatia
A54: Cuba | B54: Aragua | C54: Al Jumayliyah | D54: Bhutan | E54: Trashigang District | F54: Tyrol | G54: Innsbruck | H54: Cuba
A55: Curacao | B55: Ararat Province | C55: Al Juwayyidah | D55: Botswana | E55: Central District | F55: Capital Governorate | G55: Jidd Hafs | H55: Curacao
A56: Cyprus | B56: Arequipa | C56: Al Khawr | D56: Botswana | E56: Kgatleng District | F56: Capital Governorate | G56: Kuwait City | H56: Cyprus
... A62: Ecuador | B62: Arta Region | C62: Al Misrakh | D62: Brazil | E62: Bahia | F62: Samtse District | G62: Samtse | H62: Ecuador
A63: Egypt | B63: Artibonite | C63: Al Mudaybi | D63: Brazil | E63: Minas Gerais | F63: Trashigang District | G63: Trashigang | H63: Egypt | I63: +20
A64: El Salvador | B64: Artigas Department | C64: Al Muharraq | D64: Brazil | E64: Pernambuco | F64: Southern District | G64: Ashdod | H64: El Salvador
A65: Equatorial Guinea | B65: Ashanti Region | C65: Al Mukalla | D65: Brazil | E65: Rio Grande do Sul | F65: Southern District | G65: Beersheba | H65: Equatorial Guinea
A66: Eritrea | B66: Ashgabat | C66: Al Qamishli | D66: Brazil | E66: Rio de Janeiro | F66: Southern District | G66: Kanye | H66: Eritrea
A67: Estonia | B67: Assa-Zag Province | C67: Al Qatif | D67: Brazil | E67: Sao Paulo | F67: Tutong District | G67: Tutong | H67: Estonia
A68: Eswatini | B68: Assaba Region | C68: Al Wakrah | D68: Brunei | E68: Belait District | F68: Battambang Province | G68: Battambang | H68: Eswatini
A69: Ethiopia | B69: Asyut Governorate | C69: Albina | D69: Brunei | E69: Brunei-Muara District | F69: Oddar Meanchey Province | G69: Samraong | H69: Ethiopia
A70: Falkland Islands (Islas Malvinas) | B70: Atlantique Department | C70: Aleppo | D70: Brunei | E70: Temburong District | F70: Northwest | G70: Bamenda | H70: Falkland Islands (Islas Malvinas)
A71: Faroe Islands | B71: Attica Region | C71: Alexandria | D71: Brunei | E71: Tutong District | F71: Ontario | G71: Hamilton | H71: Faroe Islands
A72: Fiji | B72: Atua | C72: Algiers | D72: Burundi | E72: Bubanza Province | F72: Ontario | G72: Mississauga | H72: Fiji
A73: Finland | B73: Auckland Region | C73: Ali Sabieh | D73: Burundi | E73: Bujumbura Mairie Province | F73: Ontario | G73: Ottawa | H73: Finland
A74: France | B74: Australian Capital Territory | C74: Almada | D74: Burundi | E74: Cibitoke Province | F74: Ontario | G74: Toronto | H74: France | I74: +33
A75: French Guiana | B75: Autonomous Republic of Abkhazia | C75: Almaty | D75: Burundi | E75: Gitega Province | F75: Shanghai | G75: Shanghai | H75: French Guiana
A76: French Polynesia | B76: Azuay Province | C76: Almere | D76: Burundi | E76: Kayanza Province | F76: Distrito Nacional | G76: Santo Domingo | H76: French Polynesia
A77: Gabon | B77: Baalbek-Hermel Governorate | C77: Alofi | D77: Burundi | E77: Ngozi Province | F77: Cairo Governorate | G77: Cairo | H77: Gabon
A78: Gambia, The | B78: Baghdad Governorate | C78: Alytus | D78: Burundi | E78: Rumonge Province | F78: Cairo Governorate | G78: Halwan | H78: Gambia, The
A79: Gaza Strip | B79: Bahia | C79: Ambohimangakely | D79: Burundi | E79: Ruyigi Province | F79: Monufia Governorate | G79: Ashmun | H79: Gaza Strip
A80: Georgia | B80: Bahr el Gazel | C80: Ambovombe | D80: Cameroon | E80: Adamawa | F80: Wele-Nzas Province | G80: Aconibe | H80: Georgia
A81: Germany | B81: Baja California | C81: Amman | D81: Cameroon | E81: Centre | F81: Wele-Nzas Province | G81: Anisoc | H81: Germany | I81: +49
A82: Ghana | B82: Baku | C82: Amsterdam | D82: Cameroon | E82: Far North | F82: Debub Region | G82: Adi Keyh | H82: Ghana
A83: Gibraltar | B83: Balearic Islands | C83: An Najaf | D83: Cameroon | E83: Littoral | F83: Debub Region | G83: Mendefera | H83: Gibraltar
A84: Greece | B84: Balkan Region | C84: An Nasiriyah | D84: Cameroon | E84: North | F84: Ida-Viru County | G84: Kohtla-Jarve | H84: Greece
A85: Greenland | B85: Balkh | C85: Anchorage | D85: Cameroon | E85: Northwest | F85: Ida-Viru County | G85: Narva | H85: Greenland
A86: Grenada | B86: Balzers | C86: Anderlecht | D86: Cameroon | E86: Southwest | F86: Ida-Viru County | G86: Sillamae | H86: Grenada
A87: Guadeloupe | B87: Bamako | C87: Andijon | D87: Cameroon | E87: West | F87: Nouvelle-Aquitaine | G87: Bordeaux | H87: Guadeloupe
A88: Guam | B88: Banaadir | C88: Andorra la Vella | D88: Central African Republic | E88: Bangui | F88: Tbilisi | G88: Tbilisi | H88: Guam
A89: Guatemala | B89: Bangkok | C89: Anisoc | D89: Central African Republic | E89: Haute-Kotto Prefecture | F89: Greater Accra Region | G89: Accra | H89: Guatemala
A90: Guernsey | B90: Bangui | C90: Ankara | D90: Central African Republic | E90: Ombella-M'Poko Prefecture | F90: Greater Accra Region | G90: Tema | H90: Guernsey
A91: Guinea | B91: Banteay Meanchey Province | C91: Anna Regina | D91: Central African Republic | E91: Ouaka Prefecture | F91: Attica Region | G91: Acharnes | H91: Guinea
A92: Guinea-Bissau | B92: Banten | C92: Annaba | D92: Central African Republic | E92: Ouham Prefecture | F92: Attica Region | G92: Athens | H92: Guinea-Bissau
A93: Guyana | B93: Bar Municipality | C93: Antananarivo | D93: Chad | E93: Bahr el Gazel | F93: Attica Region | G93: Irakleio | H93: Guyana
... A98: Iceland | B98: Bataan | C98: Antsiranana | D98: Costa Rica | E98: Heredia Province | F98: Saint George Parish | G98: Roseau | H98: Iceland
A99: India | B99: Batken Region | C99: Antwerp | D99: Croatia | E99: Istria County | F99: Saint George Parish | G99: Saint George's | H99: India | I99: +91
A100: Indonesia | B100: Batna Province | C100: Apia | D100: Croatia | E100: Osijek-Baranja County | F100: Guatemala Department | G100: Guatemala City | H100: Indonesia | I100: +62
A101: Iran | B101: Battambang Province | C101: Aplahoue | D101: Croatia | E101: Primorje-Gorski Kotar County | F101: Guatemala Department | G101: Mixco | H101: Iran
A102: Iraq | B102: Baucau Municipality | C102: Apopa | D102: Croatia | E102: Split-Dalmatia County | F102: Guatemala Department | G102: San Juan Sacatepequez | H102: Iraq
A103: Ireland | B103: Bavaria | C103: Aqchah | D103: Croatia | E103: Zadar County | F103: Guatemala Department | G103: Villa Canales | H103: Ireland
A104: Isle of Man | B104: Bay | C104: Aqtobe | D104: Croatia | E104: Zagreb | F104: Guatemala Department | G104: Villa Nueva | H104: Isle of Man
A105: Israel | B105: Bay of Plenty Region | C105: Ar Ramadi | D105: Croatia | E105: Zagreb County | F105: Biombo Region | G105: Quinhamel | H105: Israel
A106: Italy | B106: Beijing | C106: Ar Ramtha | D106: Cuba | E106: Granma Province | F106: East Berbice-Corentyne | G106: New Amsterdam | H106: Italy | I106: +39
A107: Jamaica | B107: Beirut Governorate | C107: Ar Raqqah | D107: Cuba | E107: Havana Province | F107: Ouest | G107: Carrefour | H107: Jamaica
A108: Japan | B108: Belait District | C108: Ar Rayyan | D108: Cuba | E108: Las Tunas Province | F108: Ouest | G108: Croix-des-Bouquets | H108: Japan | I108: +81
A109: Jersey | B109: Belize District | C109: Ar Riqqah | D109: Cuba | E109: Santiago de Cuba Province | F109: Ouest | G109: Port-au-Prince | H109: Jersey
...

Sheet Instructions
A1: Contact Template Instructions
A3: PHONE NUMBER FORMAT:
A4: Option 1: Use separate columns (Recommended)
A5: - Column H (Country Code): Enter country code (e.g., +1, +91)
A6: - Column I (Phone): Enter phone number (e.g., 9876543210)
A8: Option 2: Use Phone column only
A9: - Column I (Phone): Enter as 'country_code:number' (e.g., +1:9876543210)
A10: - Multiple phones: Separate with '|' (e.g., +1:9876543210|+91:8765432109)
A12: LOCATION DROPDOWNS:
A13: 1. Select a country in column E
A14: 2. The state dropdown in column F will show only states for that country
A15: 3. Select a state in column F
... A24: - Phone is optional but recommended
